Abstract Feature,Importance
Model Size,0.5372028850357067
Pre-train Data Percentage,0.3147036834215153
Language Family,0.060103841663818325
Token Similarity,0.03192721222545524
Country Similarity,0.02512392469729661
Digital Language Support,0.013872972927433643
Geographical Features,0.011160349868853732
Instruction Tune Data,0.004860423857293725
Script,0.0009832966217501234
Resource Level,5.2705901355020296e-05
Population,8.703779521344541e-06
Language Vitality,0.0
