Abstract Feature,Importance
Model Size,0.5129853766305636
Pre-train Data Percentage,0.14375173630636096
Token Similarity,0.12687586737997508
Digital Language Support,0.0812362751775052
Country Similarity,0.05460125458747533
Geographical Features,0.03336578308449724
Language Family,0.02183309263066824
Population,0.015740820960437184
Instruction Tune Data,0.009021197068894534
Script,0.00034573156408866375
Resource Level,0.00024286460953404444
Language Vitality,0.0
