Abstract Feature,Importance
Model Size,0.513397295379301
Token Similarity,0.12553110171633924
Pre-train Data Percentage,0.11445299439614885
Country Similarity,0.09158626467799894
Digital Language Support,0.0689977267879483
Geographical Features,0.04106313828458662
Language Family,0.02745538569192725
Instruction Tune Data,0.0116633287381137
Resource Level,0.0024892675987288723
Script,0.002209863947825918
Population,0.0011192648984881658
Language Vitality,3.436788259323143e-05
