Abstract Feature,SHAP value
Model Size,10.303125588381015
Pre-train Data Percentage,3.3482945741489445
Digital Language Support,2.4487488909714967
Token Similarity,2.2992269378120715
Country Similarity,1.3710997755629537
Language Family,1.0197726755894718
Geographical Features,0.734652564203259
Instruction Tune Data,0.1982680982248198
Script,0.11779809663028042
Resource Level,0.09270997840971042
Population,0.03664402519825859
Language Vitality,0.002526059068683446
