Abstract Feature,SHAP value
Model Size,0.063315428181763
Pre-train Data Percentage,0.030706337857801577
Language Family,0.019023923590109734
Digital Language Support,0.01151397092839164
Country Similarity,0.0035355654675733286
Token Similarity,0.003242604429029549
Geographical Features,0.0029904519843244656
Instruction Tune Data,0.0003901603224922163
Resource Level,0.00012787227548179567
Script,0.00012543662274401866
Population,8.626705037806039e-06
Language Vitality,7.147785142595427e-06
